{
    "body": {
        "ScheduleId": "2019-04-22T05:02:38.000Z-8187ca22-2b7b-49eb-9d74-6d3cac9bc327",
        "EmailSendingReason": "CREATED",
        "FidelityAttendee": [
            {
                "callInFlag": true,
                "employeeId": "A632070",
                "employeeDisplayName": "Nandwani, Jyotsana",
                "infoPackRequiredFlag": true,
                "inviteForInfoOnly": false
            },
            {
                "callInFlag": true,
                "employeeId": "A617403",
                "employeeDisplayName": "Kumar In, Nitin",
                "infoPackRequiredFlag": true,
                "inviteForInfoOnly": false
            }
        ],
        "SecurityTradableEntityId": 1653092,
        "MeetingType": "Company",
        "HostCorporateId": "A632070",
        "MeetingTimeInGMT": "1200",
        "InsertedTimestamp": "2019-04-22T05:02:38.000Z",
        "MeetingDate": "27/05/2019",
        "LocationType": "In-house",
        "MeetingInitiatorCode": "COMP",
        "MeetingState": "DRAFT",
        "ExecutiveInvited": "N",
        "MeetingId": "2019-04-22T05:02:38.000Z-2a7636f8-9fc0-4a80-a34a-7be1adb22801"
    },
    "status": 200
}